<MapDefinition type="TileMap" version="1" dimensions="8,8">

	<Legend>
		<Tile glyph="C" regionType="CobblestoneWall"/>
		<Tile glyph="W" regionType="WoodWall"/>
		<Tile glyph="." regionType="StoneFloor"/>
		<Tile glyph="," regionType="GrassFloor"/>
	</Legend>
	<MapRows>
		<MapRow tiles="CCCCCCCC"/>
		<MapRow tiles="C......C"/>
		<MapRow tiles="C.WWW..C"/>
		<MapRow tiles="C.W,W..C"/>
		<MapRow tiles="C.,,,..C"/>
		<MapRow tiles="CCC..W.C"/>
		<MapRow tiles="C......C"/>
		<MapRow tiles="CCCCCCCC"/>
	</MapRows>
	<Entities>
		<PlayerStart pos="6.5,1.5" yaw="150"/>
		<!--<Actor name="Pinky" pos="1.5,1.5" yaw="150"/>
		<Actor name="Pinky" pos="3.5,1.5" yaw="75"/>
		<Actor name="Pinky" pos="2.5,1.5" yaw="15"/>-->
		<!--<Actor name="Marine" pos="1.5,3.5" yaw="180"/>
		<Actor name="Marine" pos="6.5,5.5" yaw="180"/>-->
		<Actor name="Pinky" pos="1.5,4.5" yaw="150"/>
		<Actor name="Pinky" pos="3.5,3.5" yaw="120"/>
		<Actor name="Pinky" pos="2.5,6.5" yaw="150"/>
    <!--<Portal name="Energy Teleporter" pos="6.5,6.5" yaw="90" destMap="EmptyRoom" destPos="3,3" destYawOffset="90"/>-->
	</Entities>

</MapDefinition>


